,subjects
IC160427A,[]
IC160731A,[]
IC160806A,"['SUBJECT: IceCube 160806A EHE Neutrino Candidate Event', 'SUBJECT: INTEGRAL/SPI-ACS and IBIS_VETO search for prompt gamma-ray counterpart of IceCube-160806A', 'SUBJECT: IceCube 160806A: Lomonosov BDRG gamma ray prompt observations ', 'SUBJECT: Fermi GBM Observations of IceCube-160806A']"
IC160814A,"['SUBJECT: INTEGRAL/SPI-ACS observation of IceCube HESE 128340 58537957', 'SUBJECT: Search for counterpart to IceCube-160814A with ANTARES']"
IC161103A,"['SUBJECT: IceCube-161103: IceCube observation of a very-high-energy neutrino', 'SUBJECT: HAWC follow up of IceCube-161103', 'SUBJECT: IceCube-161103: MASTER follow-up observations', 'SUBJECT: INTEGRAL SPI-ACS and IBIS/Veto observation of IceCube-161103', 'SUBJECT: IceCube-161103: Swift-XRT observations', 'SUBJECT: Fermi GBM Observations of IceCube-161103', 'SUBJECT: Search for counterpart to IceCube-161103A with ANTARES', 'SUBJECT: IceCube-161103: Konus-Wind upper limits', 'SUBJECT: Fermi LAT Gamma-ray Observations of IceCube-161103', 'SUBJECT: IceCube-161103: CALET Gamma-Ray Burst Monitor upper limits']"
IC161210A,[]
IC170312A,"['SUBJECT: IceCube-170312A - IceCube update on a high-energy neutrino candidate event', 'SUBJECT: IceCube-170312A: Swift-XRT observations', 'SUBJECT: IceCube-170312A: MASTER follow-up observations ']"
IC170321A,"['SUBJECT: Search for counterpart to IceCube-170321A with ANTARES ', 'SUBJECT: IceCube-170321A - IceCube observation of a high-energy neutrino candidate event', 'SUBJECT: Fermi GBM Observation of IceCube-170321A ', 'SUBJECT: INTEGRAL pointed follow-up of IceCube-170321A', 'SUBJECT: IceCube-170321A: Swift-XRT observations', 'SUBJECT: IceCube-170321A: Konus-Wind upper limits']"
IC170506A,['SUBJECT: IceCube-170506A - IceCube update on a high-energy neutrino candidate event']
IC170922A,"['SUBJECT: IceCube-170922A - IceCube observation of a high-energy neutrino candidate event', 'SUBJECT: INTEGRAL SPI-ACS observation of AMON IceCube-170922A', 'SUBJECT: Search for counterpart to IceCube-170922A with ANTARES', 'SUBJECT: IceCube-170922A: HAWC follow-up', 'SUBJECT: IceCube-170922A: Swift-XRT observations', 'SUBJECT: Further Swift-XRT observations of IceCube 170922A', 'SUBJECT: IceCube-170922A: Konus-Wind upper limits', 'SUBJECT: IceCube-170922A: First Optical observations of the  Neutrino Trigger by  MASTER Global Net  and 25 IceCube alerts inspection.']"
IC171015A,"['SUBJECT: IceCube-171015A - IceCube observation of a high-energy neutrino candidate event', 'SUBJECT: INTEGRAL SPI-ACS observation of IceCube-171015A', 'SUBJECT: Search for counterpart to IceCube-171015A with ANTARES', 'SUBJECT: Fermi GBM Observations of IceCube-171015A', 'SUBJECT: IceCube-171015A: Konus-Wind upper limits']"
IC171028A,[]
IC171106A,"['SUBJECT: IceCube-171106A - IceCube observation of a high-energy neutrino candidate', 'SUBJECT: INTEGRAL observation of IceCube-171106A', 'SUBJECT: HAWC follow-up of IceCube-171106A', 'SUBJECT: IceCube-171106A: Swift Observations', 'SUBJECT: Fermi-LAT Gamma-ray Observations of IceCube-171106A', 'SUBJECT: INTEGRAL pointed follow-up of IceCube-171106A', 'SUBJECT: Pan-STARRS follow-up of IceCube-171106A', 'SUBJECT: IceCube-171106A: Konus-Wind upper limits', 'SUBJECT: IceCube-171106A: MASTER optical observation ']"
IC180423A,[]
IC180908A,"['SUBJECT: IceCube-180908A - IceCube observation of a high-energy neutrino candidate event', 'SUBJECT: Search for counterpart to IceCube-180908A with ANTARES ', 'SUBJECT: IceCube-180908A: HAWC follow-up', 'SUBJECT: Search for counterparts to IceCube-180908A with IceCube', 'SUBJECT: INTEGRAL observation of IceCube-180908A', 'SUBJECT: Fermi-LAT Gamma-ray Observations of IceCube-180908A', 'SUBJECT: IceCube-180908A: CALET Gamma-Ray Burst Monitor upper limits']"
IC181014A,"['SUBJECT: IceCube-181014A - IceCube observation of a high-energy neutrino candidate event', 'SUBJECT: Fermi-LAT Gamma-ray Observations of IceCube-181014A', 'SUBJECT: Search for counterparts to IceCube-181014A with IceCube', 'SUBJECT: Fermi GBM Observation of IceCube-181014A ']"
IC181023A,"['SUBJECT: IceCube-181023A - IceCube observation of a high-energy neutrino candidate event', 'SUBJECT: Fermi-LAT Gamma-ray Observations of IceCube-181023A', 'SUBJECT: Search for counterparts to IceCube-181023A with IceCube', 'SUBJECT: IceCube-181023A:  MASTER Net optical alert and follow up observations', 'SUBJECT: IceCube-181023A: HAWC follow-up', 'SUBJECT: FACT follow-up of IceCube20181023A']"
IC181031A,['SUBJECT: IceCube-181031A retraction']
IC190104A,"['SUBJECT: IceCube-190104A - IceCube observation of a high-energy neutrino candidate event', 'SUBJECT: Fermi LAT Gamma-ray Observations of IceCube-190104A', 'SUBJECT: IceCube-190104A: MASTER optical observation', 'SUBJECT: Search for counterpart to IceCube-190104A with ANTARES', 'SUBJECT: Search for Counterparts to IceCube-190104A with IceCube', 'SUBJECT: Fermi GBM Observations of IceCube-190104A', 'SUBJECT: IceCube-190104A: Swift-XRT observations', 'SUBJECT: IceCube-190104A: AstroSat CZTI counterpart search', 'SUBJECT: INTEGRAL observation of IceCube-190104A']"
IC190124A,"['SUBJECT: IceCube-190124A - IceCube observation of a high-energy neutrino candidate event', 'SUBJECT: Fermi-LAT Gamma-ray Observations of IceCube-190124A', 'SUBJECT: Search for counterpart to IceCube-190124A with ANTARES', 'SUBJECT: Search for counterparts to IceCube-190124A with IceCube', 'SUBJECT: INTEGRAL observation of IceCube-190124A', 'SUBJECT: Fermi GBM Observations of IceCube-190124A']"
IC190205A,[]
IC190221A,"['SUBJECT: IceCube-190221A - IceCube observation of a high-energy neutrino candidate event', 'SUBJECT: IceCube-190221A: MASTER Global Robotic Net optical observation', 'SUBJECT: Fermi-GBM Observations of IceCube-190221A', 'SUBJECT: IceCube-190221A: Fermi-LAT Gamma-ray observations', 'SUBJECT: IceCube-190221A: Swift-XRT Follow-up Observations', 'SUBJECT: Search for additional neutrino events from the direction of IceCube-190221A with IceCube', 'SUBJECT: INTEGRAL observation of IceCube-190221A']"
IC190331A,"['SUBJECT: IceCube-190331A - IceCube observation of a high-energy neutrino candidate event', 'SUBJECT: IceCube-190331A: MASTER optical follow-up observations ', 'SUBJECT: Search for additional neutrino events from the direction of IceCube-190331A with IceCube', 'SUBJECT: Fermi-LAT Gamma-ray Observations of IceCube-190331A', 'SUBJECT: IceCube-190331A: Swift-XRT Follow-up Observations']"
IC190503A,"['SUBJECT: IceCube-190503A - IceCube observation of a high-energy neutrino candidate event', 'SUBJECT: IceCube-190503A: INTEGRAL prompt observation', 'SUBJECT: Fermi-GBM Observations of IceCube-190503A', 'SUBJECT: Fermi-LAT Gamma-ray Observations of IceCube-190503A', 'SUBJECT: IceCube-190503A: Insight-HXMT/HE observation', 'SUBJECT: IceCube-190503A: Lick/KAIT Follow-Up Observations', 'SUBJECT: IceCube-190503A: Insight-HXMT/HE observation', 'SUBJECT: IceCube-190503A: Swift-XRT Follow-up Observations', 'SUBJECT: Search for additional neutrino events from the direction of IceCube-190503A with IceCube']"
IC190504A,"['SUBJECT: IceCube-190504A - IceCube observation of a high-energy neutrino candidate event', 'SUBJECT: IceCube-190504A: MASTER optical follow-up observations ', 'SUBJECT: Search for counterpart to IceCube-190504A with ANTARES ', 'SUBJECT: Fermi-LAT Gamma-ray Observations of IceCube-190504A', 'SUBJECT: IceCube-190504A: Swift-XRT Follow-up Observations', 'SUBJECT: IceCube-190504A: Insight-HXMT/HE observation', 'SUBJECT: Search for additional neutrino events from the direction of IceCube-190504A with IceCube', 'SUBJECT: IceCube-190504A: MASTER optical monitoring analysis', 'SUBJECT: IceCube-190504A: Kanata optical/NIR follow-up observations']"
IC190529A,[]
IC190619A,"['SUBJECT: IceCube-190619A - IceCube observation of a high-energy neutrino candidate event', 'SUBJECT: IceCube-190619A: not observable by Fermi-GBM', 'SUBJECT: IceCube-190619A: No counterpart candidates in INTEGRAL SPI-ACS and IBIS prompt observation', 'SUBJECT: IceCube-190619A - HAWC follow-up', 'SUBJECT: IceCube-190619A: IceCube additional correlated neutrino search: upper limits', 'SUBJECT: IceCube-190619A: No counterpart candidates in ANTARES data', 'SUBJECT: Fermi-LAT Gamma-ray Observations of IceCube-190619A', 'SUBJECT: IceCube-190619A: prompt emission upper limits from AstroSat-CZTI']"
IC190629A,"['SUBJECT: IceCube-190629A - IceCube observation of a high-energy neutrino candidate event', 'SUBJECT: IceCube-190629A: Upper limits from Fermi-GBM Observations', 'SUBJECT: Fermi-LAT Gamma-ray Observations of IceCube-190629A']"
IC190704A,"['SUBJECT: IceCube-190704A - IceCube observation of a high-energy neutrino candidate event', 'SUBJECT: IceCube-190704A: not observable by Fermi-GBM', 'SUBJECT: LIGO/Virgo IceCube-190704A: No counterpart candidates in INTEGRAL SPI- ACS and IBIS prompt observation', 'SUBJECT: IceCube-190704A: Upper limits from a search for additional neutrino events in IceCube', 'SUBJECT: Fermi-LAT Gamma-ray Observations of IceCube-190704A and detection of the new gamma-ray source 1WHSP J104516.2+275133 ', 'SUBJECT: IceCube-190704A: Upper limits from Insight-HXMT/HE observations', 'SUBJECT: IceCube-190704A - HAWC follow-up']"
IC190712A,"['SUBJECT: IceCube-190712A - IceCube observation of a high-energy neutrino candidate event', 'SUBJECT: IceCube-190712A: No counterpart candidates in INTEGRAL SPI-ACS and IBIS prompt observation', 'SUBJECT: IceCube-190712A: Upper limits from Fermi-GBM Observations', 'SUBJECT: IceCube-190712A: No neutrino counterpart candidates in ANTARES search', 'SUBJECT: Fermi-LAT Gamma-ray Observations of IceCube-190712A', 'SUBJECT: IceCube-190712A : Upper limits from Insight-HXMT/HE observations', 'SUBJECT: IceCube-190712A: Upper limits from a search for additional neutrino events in IceCube']"
IC190730A,"['SUBJECT: IceCube-190730A - IceCube observation of a high-energy neutrino candidate event', 'SUBJECT: IceCube-190730A: MASTER optical observation', 'SUBJECT: IceCube 190730A: one weakly associated counterpart candidates in INTEGRAL SPI-ACS, and IBIS prompt observation', 'SUBJECT: IceCube 190730A: not observable by Fermi-GBM', 'SUBJECT: IceCube-190730A - HAWC follow-up', 'SUBJECT: Fermi-LAT Gamma-ray Observations of IceCube-190730A', 'SUBJECT: IceCube-190730A: Upper limits from a search for additional neutrino events in IceCube', 'SUBJECT: IceCube 190730A: No counterpart candidates or blazar activity in GOTO observations']"
IC190819A,"['SUBJECT: IceCube-190819A - IceCube observation of a high-energy neutrino candidate event', 'SUBJECT: IceCube-190819A: No counterpart candidates in INTEGRAL SPI-ACS prompt observation', 'SUBJECT: IceCube-190819A: Upper limits from Fermi-GBM Observations', 'SUBJECT: IceCube-190819A - HAWC follow-up', 'SUBJECT: IceCube-190819A: MASTER analysis ', 'SUBJECT: IceCube-190819A: Upper limits from a search for additional neutrino events in IceCube', 'SUBJECT: Fermi-LAT Gamma-ray Observations of IceCube-190819A']"
IC190922A,"['SUBJECT: IceCube-190922A - IceCube observation of a high-energy neutrino candidate event', 'SUBJECT: IceCube-190922A: No counterpart candidates in INTEGRAL SPI-ACS prompt observation', 'SUBJECT: IceCube-190922A - HAWC follow-up', 'SUBJECT: IceCube-190922A: Upper limits from Fermi-GBM Observations', 'SUBJECT: Fermi-LAT Gamma-ray Observations of IceCube-190922A ', 'SUBJECT: IceCube-190922A: Upper limits from a search for additional neutrino events in IceCube']"
IC190922B,"['SUBJECT: IceCube-190922B - IceCube observation of a high-energy neutrino candidate event', 'SUBJECT: IceCube-190922B: Upper limits from Fermi-GBM Observations', 'SUBJECT: IceCube-190922B: INTEGRAL was inactive at the time of the event', 'SUBJECT: IceCube-190922B: Identification of a Candidate Supernova from the Zwicky Transient Facility', 'SUBJECT: IceCube-190922B - HAWC follow-up', 'SUBJECT: IceCube-190922B: Upper limits from a search for additional neutrino events in IceCube', 'SUBJECT: Fermi-LAT Gamma-ray Observations of IceCube-190922B']"
IC191001A,"['SUBJECT: IceCube-191001A - IceCube observation of a high-energy neutrino candidate event', 'SUBJECT: IceCube-191001A: No counterpart candidates in INTEGRAL SPI-ACS prompt observation', 'SUBJECT: IceCube-191001A: Not observable by Fermi-GBM', 'SUBJECT: IceCube-191001A: Candidate Counterparts with the Zwicky Transient Facility', 'SUBJECT: Fermi-LAT Gamma-ray Observations of IceCube-191001A', 'SUBJECT: IceCube-191001A: HAWC follow-up', 'SUBJECT: FACT follow-up of IceCube-191001A']"
IC191119A,"['SUBJECT: IceCube-191119A - IceCube observation of a high-energy neutrino candidate event', 'SUBJECT: IceCube-191119A - No counterpart candidates in INTEGRAL SPI-ACS prompt observation', 'SUBJECT: IceCube-191119A: Upper limits from Fermi-GBM Observations', 'SUBJECT: Fermi-LAT Gamma-ray Observations of IceCube-191119A', 'SUBJECT: IceCube-191119A: Upper limits from a search for additional neutrino events in IceCube', 'SUBJECT: IceCube-191119A: No neutrino counterpart candidates in ANTARES search', 'SUBJECT: IceCube-191119A: No significant detection in HAWC']"
IC191122A,"['SUBJECT: IceCube-191122A - IceCube observation of a high-energy neutrino candidate event', 'SUBJECT: IceCube-191122A: Global MASTER-Net observations report', 'SUBJECT: IceCube-191122A: INTEGRAL was inactive at the time of the event', 'SUBJECT: Fermi-LAT Gamma-ray Observations of IceCube-191122A', 'SUBJECT: IceCube-191122A: Upper limits from a search for additional neutrino events in IceCube', 'SUBJECT: IceCube-191122A: Not observable by Fermi-GBM', 'SUBJECT: IceCube-191122A: No significant detection in HAWC']"
IC191204A,"['SUBJECT: IceCube-191204A: No counterpart candidates in INTEGRAL SPI-ACS prompt observation', 'SUBJECT: IceCube-191204A - IceCube observation of a high-energy neutrino candidate event', 'SUBJECT: IceCube Alert 191204.95: Global MASTER-Net observations report ', 'SUBJECT: IceCube-191204A: Upper limits from Fermi-GBM Observations ', 'SUBJECT: Fermi-LAT Gamma-ray Observations of IceCube-191204A', 'SUBJECT: IceCube-191204A: No significant detection in HAWC', 'SUBJECT: IceCube-191204A : Upper limits from Insight-HXMT/HE observations']"
IC191215A,"['SUBJECT: IceCube Alert 191215.47: Global MASTER-Net observations report ', 'SUBJECT: IceCube-191215A - IceCube observation of a high-energy neutrino candidate event', 'SUBJECT: IceCube-191215A: No counterpart candidates in INTEGRAL SPI-ACS prompt observation', 'SUBJECT: IceCube-191215A: not observable by Fermi-GBM', 'SUBJECT: IceCube-191215A: Upper limits from a search for additional neutrino events in IceCube', 'SUBJECT: Fermi-LAT Gamma-ray Observations of IceCube-191215A']"
IC191231A,"['SUBJECT: IceCube Alert 191231.46: Global MASTER-Net observations report ', 'SUBJECT: IceCube-191231A: IceCube observation of a high-energy neutrino candidate event', 'SUBJECT: IceCube-191231A: No counterpart candidates in INTEGRAL SPI-ACS and IBIS prompt observation', 'SUBJECT: IceCube-191231A: Upper limits from Fermi-GBM Observations', 'SUBJECT: IceCube-191231A: No Neutrino Counterpart in ANTARES data', 'SUBJECT: IceCube-191231A: No significant detection in HAWC', 'SUBJECT: IceCube-191231A: Upper limits from a search for additional neutrino events in IceCube', 'SUBJECT: Fermi-LAT Gamma-ray Observations of IceCube-191231A']"
IC200107A,"['SUBJECT: IceCube-200107A: IceCube observation of a high-energy neutrino candidate event', 'SUBJECT: IceCube-200107A: Upper limits from Fermi-GBM Observations', 'SUBJECT: IceCube-200107A: No counterpart candidates in INTEGRAL SPI-ACS prompt observation ', 'SUBJECT: IceCube-200107A: No candidates from the Zwicky Transient Facility', 'SUBJECT: IceCube-200107A: No significant detection in HAWC', 'SUBJECT: Fermi-LAT Gamma-ray Observations of IceCube-200107A', 'SUBJECT: Swift follow-up observations of IceCube-200107A: Identification of X-ray high state for 4FGL J0955.1+3551', 'SUBJECT: IceCube-200107A: Upper limits from a search for additional neutrino events in IceCube']"
IC200109A,"['SUBJECT: IceCube Alert 200109.99: Global MASTER-Net observations report ', 'SUBJECT: IceCube Alert 200109.99: Global MASTER-Net observations report ', 'SUBJECT: IceCube-200109A: IceCube observation of a high-energy neutrino candidate event', 'SUBJECT: IceCube-200109A: Upper limits from Fermi-GBM Observations', 'SUBJECT: IceCube-200109A: INTEGRAL was inactive at the time of the event', 'SUBJECT: IceCube-200109A: Swift-XRT and UVoT Follow-up Observations', 'SUBJECT: IceCube-200109A: Upper limits from a search for additional neutrino events in IceCube', 'SUBJECT: IceCube 200109A: No significant detection in HAWC', 'SUBJECT: Fermi-LAT Gamma-ray Observations of IceCube-200109A and detection of a possible new gamma-ray source, Fermi J1055.8+1034', 'SUBJECT: IceCube-200109A: Candidate Counterparts from the Zwicky Transient Facility']"
IC200117A,"['SUBJECT: IceCube Alert 200117.46: Global MASTER-Net observations report ', 'SUBJECT: IceCube-200117A: IceCube observation of a high-energy neutrino candidate event', 'SUBJECT: IceCube-200117A: no counterpart candidates in INTEGRAL SPI-ACS and,IBIS prompt observation', 'SUBJECT: IceCube-200117A: Upper limits from Fermi-GBM Observations', 'SUBJECT: IceCube-200117A: No Neutrino Counterpart in ANTARES data', 'SUBJECT: IceCube-200117A: Upper limits from a search for additional neutrino events in IceCube', 'SUBJECT: IceCube-200117A: Candidate Counterpart from the Zwicky Transient Facility', 'SUBJECT: IceCube-200117A : Upper limits from Insight-HXMT/HE observations', 'SUBJECT: IceCube-200117A: One Additional Candidate Counterpart from the Zwicky Transient Facility', 'SUBJECT: Fermi-LAT Gamma-ray Observations of IceCube-200117A', 'SUBJECT: IceCube 200117A: No significant detection in HAWC']"
IC200120A,"['SUBJECT: IceCube Alert 200120.78: Global MASTER-Net observations report ', 'SUBJECT: IceCube-200120A: IceCube observation of a high-energy neutrino candidate event', 'SUBJECT: IceCube-200120A: not observable by Fermi-GBM', 'SUBJECT: IceCube-200120A: no counterpart candidates in INTEGRAL SPI-ACS and,IBIS prompt observation', 'SUBJECT: IceCube-200120A: Upper limits from a search for additional neutrino events in IceCube', 'SUBJECT: Fermi-LAT Gamma-ray Observations of IceCube-200120A', 'SUBJECT: IceCube-200120A: Event likely due to background']"
IC200227A,"['SUBJECT: IceCube-200227A: IceCube observation of a high-energy neutrino candidate event', 'SUBJECT: IceCube-200227A: No counterpart candidates in INTEGRAL SPI-ACS and IBIS prompt observation', 'SUBJECT: IceCube-200227A: Upper limits from Fermi-GBM Observations', 'SUBJECT: IceCube-200227A : Upper limits from Insight-HXMT/HE observations', 'SUBJECT: Fermi-LAT Gamma-ray Observations of IceCube-200227A', 'SUBJECT: IceCube-200227A: Upper limits from a search for additional neutrino events in IceCube']"
IC200410A,"['SUBJECT: IceCube Alert 200410.97: Global MASTER-Net observations report ', 'SUBJECT: IceCube-200410A - IceCube observation of a high-energy neutrino candidate event   ', 'SUBJECT: IceCube-200410A: Possible associated excess in INTEGRAL SPI-ACS prompt observation', 'SUBJECT: IceCube-200410A: Upper limits from Fermi-GBM Observations', 'SUBJECT: Fermi-LAT Gamma-ray Observations of IceCube-200410A', 'SUBJECT: IceCube-200410A: Upper limits from a search for additional neutrino events in IceCube', 'SUBJECT: IceCube-200410A : Upper limits from Insight-HXMT/HE observations', 'SUBJECT: IceCube-200410A: No significant detection in HAWC']"
IC200421A,"['SUBJECT: IceCube-200421A - IceCube observation of a high-energy neutrino candidate event', 'SUBJECT: IceCube-200421A: No counterpart candidates in INTEGRAL SPI-ACS and IBIS prompt observation', 'SUBJECT: IceCube Alert 200421.02: Global MASTER-Net observations report ', 'SUBJECT: IceCube-200421A: not observable by Fermi-GBM', 'SUBJECT: IceCube-200421A: No significant detection in HAWC', 'SUBJECT: IceCube-200421A: No Neutrino Counterpart in ANTARES data', 'SUBJECT: Fermi-LAT Gamma-ray Observations of IceCube-200421A', 'SUBJECT: IceCube-200421A: Upper limits from a search for additional neutrino events in IceCube']"
IC200425A,"['SUBJECT: IceCube Alert 200425.98: Global MASTER-Net observations report ', 'SUBJECT: IceCube-200425A - IceCube observation of a high-energy neutrino candidate event', 'SUBJECT: IceCube-200425A: No counterpart candidates in INTEGRAL SPI-ACS prompt observation', 'SUBJECT: Fermi-LAT Gamma-ray Observations of IceCube-200425A', 'SUBJECT: IceCube-200425A: Upper limits from Fermi-GBM Observations', 'SUBJECT: IceCube-200425A: Upper limits from a search for additional neutrino events in IceCube', 'SUBJECT: IceCube-200425A: No significant detection in HAWC']"
IC200512A,"['SUBJECT: IceCube-200512A: IceCube observation of a high-energy neutrino candidate event', 'SUBJECT: IceCube-200512A: No counterpart candidates in INTEGRAL SPI-ACS prompt observation', 'SUBJECT: IceCube-200512A: No Candidate Counterparts from the Zwicky Transient Facility', 'SUBJECT: IceCube Alert 200512.31: Global MASTER-Net observations report ', 'SUBJECT: IceCube-200512A: not observable by Fermi-GBM ', 'SUBJECT: Fermi-LAT Gamma-ray Observations of IceCube-200512A', 'SUBJECT: IceCube-200512A: Upper limits from a search for additional neutrino events in IceCube']"
IC200523A,"['SUBJECT: IceCube-200523A - IceCube observation of a high-energy neutrino candidate event', 'SUBJECT: IceCube Alert 200523.10: Global MASTER-Net observations report ', 'SUBJECT: IceCube-200523A: Upper limits from Fermi-GBM Observations', 'SUBJECT: IceCube-200523A: Upper limits from a search for additional neutrino events in IceCube']"
IC200530A,"['SUBJECT: IceCube-200530A - IceCube observation of a high-energy neutrino candidate event', 'SUBJECT: IceCube-200530A: No counterpart candidates in INTEGRAL SPI-ACS prompt observation', 'SUBJECT: IceCube Alert 200530.33: Global MASTER-Net observations report ', 'SUBJECT: IceCube-200530A: No ANTARES neutrino counterpart', 'SUBJECT: IceCube-200530A: Candidate Counterparts from the Zwicky Transient Facility', 'SUBJECT: IceCube-200530A: No significant detection in HAWC', 'SUBJECT: IceCube-200530A: not observable by Fermi-GBM', 'SUBJECT: Fermi-LAT Gamma-ray Observations of IceCube-200530A', 'SUBJECT: IceCube-200530A: Upper limits from a search for additional neutrino events in IceCube', 'SUBJECT: IceCube-200530A - SN2020lam classified as SN II without evidence of CSM interaction', 'SUBJECT: IceCube-200530A - SN2020lls likely unrelated']"
IC200614A,"['SUBJECT: IceCube-200614A - IceCube observation of a high-energy neutrino candidate track-like event', 'SUBJECT: IceCube Alert 200614.53: Global MASTER-Net observations report ', 'SUBJECT: IceCube-200614A: No counterpart candidates in INTEGRAL SPI-ACS prompt observation  ', 'SUBJECT: IceCube-200614A: not observable by Fermi-GBM', 'SUBJECT: IceCube-200614A: Upper limits from a search for additional neutrino events in IceCube', 'SUBJECT: Fermi-LAT Gamma-ray Observations of IceCube-200614A and detection of a new gamma-ray source, Fermi J0202.8+3132', 'SUBJECT: IceCube-200614A: No significant detection in HAWC']"
IC200615A,"['SUBJECT: IceCube-200615A: IceCube observation of a high-energy neutrino candidate event', 'SUBJECT: IceCube Alert 200615.62: Global MASTER-Net observations report ', 'SUBJECT: IceCube-200615A: No counterpart candidates in INTEGRAL SPI-ACS prompt observation', 'SUBJECT: IceCube-200615A: Upper limits from Fermi-GBM Observations', 'SUBJECT: IceCube-200615A: Upper limits from a search for additional neutrino events in IceCube', 'SUBJECT: Fermi-LAT Gamma-ray Observations of IceCube-200615A', 'SUBJECT: IceCube-200615A: No significant detection in HAWC', 'SUBJECT: Swift-XRT observations of IceCube 200615A', 'SUBJECT: Swift/UVOT Observations of IceCube 200615A']"
IC200620A,"['SUBJECT: IceCube-200620A - IceCube observation of a high-energy neutrino candidate track-like event', 'SUBJECT: IceCube Alert 200620.13: Global MASTER-Net observations report ', 'SUBJECT: IceCube-200620A: No ANTARES neutrino counterpart ', 'SUBJECT: Fermi-LAT Gamma-ray Observations of IceCube-200620A', 'SUBJECT: IceCube-200620A: One Candidate Counterpart from the Zwicky Transient Facility', 'SUBJECT: IceCube-200620A: not observable by Fermi-GBM', 'SUBJECT: IceCube-200620A: MASTER previous detection of ZTF20abgvabi/AT2020ncr', 'SUBJECT: IceCube-200620A: INTEGRAL was inactive at the time of the event', 'SUBJECT: IceCube-200620A: Upper limits from a search for additional neutrino events in IceCube', 'SUBJECT: IceCube-200620A: No significant detection in HAWC']"
IC200728A,['SUBJECT: IceCube Alert 200728.35: Global MASTER-Net observations report ']
IC200806A,"['SUBJECT: IceCube Alert 200806.58: Global MASTER-Net observations report ', 'SUBJECT: IceCube-200806A: IceCube observation of a high-energy neutrino candidate event', 'SUBJECT: IceCube-200806A: Upper limits from Fermi-GBM Observations', 'SUBJECT: Fermi-LAT Gamma-ray Observations of IceCube-200806A ', 'SUBJECT: IceCube-200806A: Upper limits from a search for additional neutrino events in IceCube', 'SUBJECT: IceCube200806A: No significant detection in HAWC', 'SUBJECT: IceCube-200806A: No counterpart candidates in INTEGRAL SPI-ACS and IBIS prompt observation']"
IC200911A,"['SUBJECT: IceCube-200911A: IceCube observation of a high-energy neutrino candidate event', 'SUBJECT: IceCube-200911A: not observable by Fermi-GBM', 'SUBJECT: IceCube-200911A: No counterpart candidates in INTEGRAL SPI-ACS and IBIS prompt observation', 'SUBJECT: IceCube Alert 200911.60: Global MASTER-Net observations report ', 'SUBJECT: IceCube-200911A: No neutrino counterpart candidates in ANTARES search', 'SUBJECT: IceCube-200911A: Upper limits from a search for additional neutrino events in IceCube', 'SUBJECT: Fermi-LAT Gamma-ray Observations of IceCube-200911A and detection of a new gamma-ray source, Fermi J0330.1+3743', 'SUBJECT: IceCube-200911A: No significant detection in HAWC', 'SUBJECT: Swift-XRT observations of IceCube 200911A']"
IC200916A,"['SUBJECT: IceCube-200916A - IceCube observation of a high-energy neutrino candidate track-like event', 'SUBJECT: IceCube Alert 200916.86: Global MASTER-Net observations report ', 'SUBJECT: Fermi-LAT Gamma-ray Observations of IceCube-200916A', 'SUBJECT: IceCube-200916A: Upper limits from Fermi-GBM Observations', 'SUBJECT: IceCube-200916A: Two Candidate Counterparts from the Zwicky Transient Facility', 'SUBJECT: IceCube-200916A: No counterpart candidates in INTEGRAL SPI-ACS and IBIS prompt observation', 'SUBJECT: IceCube-200916A: No neutrino counterpart candidates in ANTARES search', 'SUBJECT: IceCube-200916A: No significant detection in HAWC', 'SUBJECT: Swift-XRT observations of IceCube 200916A', 'SUBJECT: IceCube-200916A: Upper limits from a search for additional neutrino events in IceCube', 'SUBJECT: IceCube-200916A: AbAO observations of optical candidates ZTF20acaapwk/AT2020tno, ZTF20acaapwo/AT2020tnp', 'SUBJECT: IceCube-200916A - ZTF20acaapwk/SN2020tno classified as SN Ia']"
IC200921A,"['SUBJECT: IceCube-200921A: IceCube observation of a high-energy neutrino candidate event', 'SUBJECT: IceCube-200921A: Upper limits from Fermi-GBM Observations', 'SUBJECT: IceCube-200921A: No counterpart candidates in INTEGRAL SPI-ACS and IBIS prompt observation', 'SUBJECT: IceCube-200921A: no significant detection in HAWC observations', 'SUBJECT: Fermi-LAT Gamma-ray Observations of IceCube-200921A and detection of a new gamma-ray source, Fermi J1256.9+2630', 'SUBJECT: IceCube-200921A: Upper limits from a search for additional neutrino events in IceCube', 'SUBJECT: IceCube Alert 200921.80: Global MASTER-Net observations report ']"
IC200926A,"['SUBJECT: IceCube-200926A: IceCube observation of a high-energy neutrino candidate event', 'SUBJECT: IceCube Alert 200926.33: Global MASTER-Net observations report ', 'SUBJECT: Fermi-LAT Gamma-ray Observations of IceCube-200926A', 'SUBJECT: Swift-XRT observations of IceCube 200926A', 'SUBJECT: IceCube Alert 200926.94: Global MASTER-Net observations report ', 'SUBJECT: IceCube-200926A: Upper limits from a search for additional neutrino events in IceCube', 'SUBJECT: IceCube-200926A: No significant detection in HAWC', 'SUBJECT: IceCube-200926A: Upper limits from Fermi-GBM Observations', 'SUBJECT: IceCube-200926A: JCMT/SCUBA2 observations ', 'SUBJECT: IceCube-200926A: No candidate counterparts from the Zwicky Transient Facility', 'SUBJECT: IceCube-200926A: No usable INTEGRAL data', 'SUBJECT: IceCube-200926A: Upper limits from Insight-HXMT Observations ']"
IC200926B,"['SUBJECT: IceCube-200926B: IceCube observation of a high-energy neutrino candidate event', 'SUBJECT: IceCube-200926B: No neutrino counterpart candidates in ANTARES search', 'SUBJECT: Fermi-LAT Gamma-ray Observations of IceCube-200926B', 'SUBJECT: IceCube-200926B: Upper limits from a search for additional neutrino events in IceCube', 'SUBJECT: IceCube-200926B: Upper limits from Fermi-GBM Observations', 'SUBJECT: IceCube-200926B: No significant detection in HAWC', 'SUBJECT: IceCube-200926B: No counterpart candidates in INTEGRAL SPI-ACS and IBIS prompt observation']"
IC200929A,"['SUBJECT: IceCube-200929A: No Candidate Counterparts from the Zwicky Transient Facility', 'SUBJECT: IceCube Alert 200929.74: Global MASTER-Net observations report ', 'SUBJECT: IceCube-200929A: IceCube observation of a high-energy neutrino candidate event', 'SUBJECT: IceCube-200929A: No neutrino counterpart candidates in ANTARES search', 'SUBJECT: IceCube-200929A: Upper limits from Fermi-GBM Observations', 'SUBJECT: Fermi-LAT Gamma-ray Observations of IceCube-200929A', 'SUBJECT: Swift-XRT observations of IceCube 200929A', 'SUBJECT: IceCube-200929A: Upper limits from a search for additional neutrino events in IceCube', 'SUBJECT: IceCube-200929A: No significant detection in HAWC', 'SUBJECT: IceCube-200929A: No counterpart candidates in INTEGRAL SPI-ACS and IBIS prompt observation', 'SUBJECT: IceCube-200929A: JCMT/SCUBA2 observations ']"
IC201007A,"['SUBJECT: IceCube Alert 201007.92: Global MASTER-Net observations report ', 'SUBJECT: IceCube-201007A - IceCube observation of a high-energy neutrino candidate track-like event ', 'SUBJECT: IceCube-201007A: No counterpart candidates in INTEGRAL SPI-ACS and IBIS prompt observation', 'SUBJECT: Swift-XRT observations of IceCube 201007A', 'SUBJECT: Fermi-LAT Gamma-ray Observations of IceCube-201007A ', 'SUBJECT: IceCube-201007A: Upper limits from Fermi-GBM Observations', 'SUBJECT: IceCube-201007A: Upper limits from a search for additional neutrino events in IceCube', 'SUBJECT: IceCube-201007A: No significant detection in HAWC', 'SUBJECT: IceCube-201007A: No candidate counterparts from the Zwicky Transient Facility']"
IC201014A,"['SUBJECT: IceCube-201014A - IceCube observation of a high-energy neutrino candidate track-like event ', 'SUBJECT: IceCube-201014A: No counterpart candidates in INTEGRAL SPI-ACS and IBIS prompt observation', 'SUBJECT: IceCube-201014A: Not observable by GBM', 'SUBJECT: Fermi-LAT Gamma-ray Observations of IceCube-201014A', 'SUBJECT: IceCube-201014A: No neutrino counterpart candidates in ANTARES search', 'SUBJECT: IceCube Alert 201014.09: Global MASTER-Net observations report ', 'SUBJECT: IceCube-201014A: Upper limits from a search for additional neutrino events in IceCube', 'SUBJECT: IceCube-201014A: No significant detection in HAWC']"
IC201021A,"['SUBJECT: IceCube-201021A: IceCube observation of a high-energy neutrino candidate event', 'SUBJECT: IceCube Alert 201021.28: Global MASTER-Net observations report ', 'SUBJECT: Swift-XRT observations of IceCube 201021A', 'SUBJECT: IceCube-201021A: No counterpart candidates in INTEGRAL SPI-ACS and IBIS prompt observation', 'SUBJECT: IceCube-201021A: Upper limits from Fermi-GBM Observations', 'SUBJECT: IceCube-201021A: No neutrino counterpart candidates in ANTARES search', 'SUBJECT: IceCube-201021A: Upper limits from a search for additional neutrino events in IceCube', 'SUBJECT: Swift-XRT observations of IceCube 201021A (2)', 'SUBJECT: Fermi-LAT Gamma-ray Observations of IceCube-201021A and detection of a new gamma-ray source, Fermi J1725.5+1312', 'SUBJECT: IceCube-201021A: Optical counterpart of WISEA J172314.13+142101.5', 'SUBJECT: IceCube-201021A: One candidate counterpart from the Zwicky Transient Facility', 'SUBJECT: IceCube-201021A: No significant detection in HAWC', 'SUBJECT: IceCube 201021A: Swift follow-up of Fermi J1725.5+1312']"
IC201114A,"['SUBJECT: IceCube-201114A - IceCube observation of a high-energy neutrino candidate event', 'SUBJECT: IceCube Alert 201114.63: Global MASTER-Net observations report ', 'SUBJECT: IceCube-201114A: No neutrino counterpart candidates in ANTARES search', 'SUBJECT: Swift-XRT observations of IceCube 201114A', 'SUBJECT: IceCube-201114A: Upper limits from Fermi GBM Observations', 'SUBJECT: IceCube-201114A: No counterpart candidates in INTEGRAL SPI-ACS and IBIS prompt observation', 'SUBJECT: IceCube-201114A: No significant detection in HAWC', 'SUBJECT: IceCube-201114A: Upper limits from a search for additional neutrino events in IceCube', 'SUBJECT: Fermi-LAT Gamma-ray Observations of IceCube-201114A', 'SUBJECT: IceCube 201114A: Swift followup of Fermi J0703.5+0505', 'SUBJECT: IceCube-201114A: DECam observations and candidate optical counterpart', 'SUBJECT: IceCube-201114A: Updated photometry for three DECam candidate optical counterparts']"
IC201115A,"['SUBJECT: IceCube-201115A: IceCube observation of a high-energy neutrino candidate event', 'SUBJECT: VLASS identifies possible radio counterparts to IceCube-201115A, including a bright BL Lac candidate', 'SUBJECT: IceCube-201115A: not observable by Fermi-GBM', 'SUBJECT: Fermi-LAT Gamma-ray Observations of IceCube-201115A', 'SUBJECT: IceCube Alert 201115.09: Global MASTER-Net observations report ', 'SUBJECT: IceCube-201115A: No neutrino counterpart candidates in ANTARES search ', 'SUBJECT: IceCube-201115A: No counterpart candidates in INTEGRAL SPI-ACS and IBIS prompt observation', 'SUBJECT: IceCube-201115A: No significant detection in HAWC', 'SUBJECT: IceCube-201115A: Upper limits from a search for additional neutrino events in IceCube', 'SUBJECT: IceCube Alert 201115.67: Global MASTER-Net observations report ']"
IC201115B,[]
IC201120A,"['SUBJECT: IceCube-201120A: IceCube observation of a high-energy neutrino candidate event', 'SUBJECT: IceCube Alert 201120.41: Global MASTER-Net observations report ', 'SUBJECT: IceCube-201120A: Upper limits from Fermi-GBM Observations', 'SUBJECT: IceCube-201120A: Swift-XRT non-detection of 4FGL J2028.6+4110e', 'SUBJECT: IceCube-201120A: No counterpart candidates in INTEGRAL SPI-ACS and IBIS prompt observation', 'SUBJECT: Fermi-LAT Gamma-ray Observations of IceCube-201120A', 'SUBJECT: IceCube-201120A: Upper limits from a search for additional neutrino events in IceCube', 'SUBJECT: IceCube-201120A in the Cygnus region: No enhanced TeV gamma-ray flux detected by HAWC']"
IC201130A,"['SUBJECT: IceCube Alert 201130.85: Global MASTER-Net observations report ', 'SUBJECT: IceCube-201130A: IceCube observation of a high-energy neutrino candidate event', 'SUBJECT: Swift-XRT observations of IceCube 201130A', 'SUBJECT: IceCube-201130A: Not observable by Fermi-GBM', 'SUBJECT: Fermi-LAT Gamma-ray Observations of IceCube-201130A', 'SUBJECT: Swift observations of the Fermi-LAT source 4FGL J0206.4-1151 in the error region of IceCube-201130A', 'SUBJECT: IceCube-201130A: No counterpart candidates in INTEGRAL SPI-ACS and IBIS prompt observation', 'SUBJECT: IceCube-201130A: Upper limits from a search for additional neutrino events in IceCube', 'SUBJECT: IceCube-201130A: No significant detection in HAWC', 'SUBJECT: IceCube-201130A: No Candidate Counterparts from the Zwicky Transient Facility', 'SUBJECT: Swift follow-up observations of the flat spectrum radio quasar PMN J0206-1150 in the error region of IceCube-201130A', 'SUBJECT: IceCube-201130A: Optical and NIR Imaging Follow-up by Kanata Telescope']"
IC201209A,"['SUBJECT: IceCube-201209A: IceCube observation of a high-energy neutrino candidate event', 'SUBJECT: IceCube-201209A: No counterpart candidates in INTEGRAL SPI-ACS and IBIS prompt observation', 'SUBJECT: IceCube Alert 201209.43: Global MASTER-Net observations report ', 'SUBJECT: IceCube-201209A: No neutrino counterpart candidates in ANTARES search ', 'SUBJECT: Fermi-LAT Gamma-ray Observations of IceCube-201209A', 'SUBJECT: IceCube-201209A: Upper limits from Fermi-GBM Observations', 'SUBJECT: IceCube-201209A: Upper limits from a search for additional neutrino events in IceCube', 'SUBJECT: IceCube-201209A: No Candidate Counterparts from the Zwicky Transient Facility', 'SUBJECT: IceCube-201209: No significant detection in HAWC', 'SUBJECT: IceCube-201209A: Upper limits from Insight-HXMT/HE observations', 'SUBJECT: IceCube-201209A : MAXI/GSC upper limit']"
IC201221A,"['SUBJECT: IceCube-201221A: IceCube observation of a high-energy neutrino candidate event ', 'SUBJECT: IceCube-201221A: No counterpart candidates in INTEGRAL SPI-ACS and IBIS prompt observation', 'SUBJECT: IceCube-201221A: not observable by Fermi-GBM', 'SUBJECT: Fermi-LAT Gamma-ray Observations of IceCube-201221A', 'SUBJECT: IceCube-201221A: Upper limits from Insight-HXMT/HE observations', 'SUBJECT: IceCube-201221A: No significant detection in HAWC', 'SUBJECT: IceCube-201221A: Upper limits from a search for additional neutrino events in IceCube']"
IC201222A,"['SUBJECT: IceCube-201222A: IceCube observation of a high-energy neutrino candidate event', 'SUBJECT: IceCube Alert 201222.04: Global MASTER-Net observations report ', 'SUBJECT: IceCube-201222A: No counterpart candidates in INTEGRAL SPI-ACS and IBIS prompt observation', 'SUBJECT: IceCube-201222A: not observable by Fermi-GBM', 'SUBJECT: Fermi-LAT Gamma-ray Observations of IceCube-201222A', 'SUBJECT: IceCube-201222A: No significant detection in HAWC', 'SUBJECT: IceCube-201222A: Upper limits from a search for additional neutrino events in IceCube', 'SUBJECT: IceCube-201222A: No Candidate Counterparts from the Zwicky Transient Facility']"
IC210210A,"['SUBJECT: IceCube-210210A: IceCube observation of a high-energy neutrino candidate event', 'SUBJECT: IceCube-210210A: Two Candidate Counterparts from the Zwicky Transient Facility', 'SUBJECT: IceCube-210210A: No counterpart candidates in INTEGRAL SPI-ACS and IBIS prompt observation', 'SUBJECT: IceCube-210210A: Upper limits from Fermi-GBM Observations', 'SUBJECT: IceCube Alert 210210.50: Global MASTER-Net observations report ', 'SUBJECT: Fermi-LAT Gamma-ray Observations of IceCube-210210A', 'SUBJECT: IceCube-210210A: No neutrino counterpart in ANTARES', 'SUBJECT: Swift-XRT observations of IceCube-210210A', 'SUBJECT: IceCube-210210A: Upper limits from a search for additional neutrino events in IceCube', 'SUBJECT: IceCube-210210A: Four Candidate Optical Counterparts from DECam Observations', 'SUBJECT: IceCube-210210A: Two Additional Optical Candidate Counterparts Found by DECam']"
IC210213A,['SUBJECT: IceCube Alert 210213.78: Global MASTER-Net observations report ']
IC210322A,['SUBJECT: IceCube Alert 210322.11: Global MASTER-Net observations report ']
IC210503A,"['SUBJECT: IceCube-210503A: IceCube observation of a high-energy neutrino candidate event', 'SUBJECT: Fermi-LAT Gamma-ray Observations of IceCube-210503A and detection of a new gamma-ray source, Fermi J0931.9+3633']"
IC210510A,"['SUBJECT: IceCube-210510A - IceCube observation of a high-energy neutrino candidate track-like event', 'SUBJECT: IceCube-210510A: DDOTI Upper Limits ', 'SUBJECT: IceCube Alert 210510.20: Global MASTER-Net observations report ', 'SUBJECT: Fermi-LAT Gamma-ray Observations of IceCube-210510A', 'SUBJECT: IceCube-210510A: No candidate counterparts from the Zwicky Transient Facility', 'SUBJECT: IceCube-210510A: not observable by Fermi-GBM', 'SUBJECT: IceCube-210510A: Upper limits from a search for additional neutrino events in IceCube', 'SUBJECT: IceCube-210510A: No counterpart candidates in INTEGRAL SPI-ACS and IBIS prompt observation']"
IC210516A,"['SUBJECT: IceCube-210516A - IceCube observation of a high-energy neutrino candidate track-like event', 'SUBJECT: IceCube Alert 210516.61: Global MASTER-Net observations report ', 'SUBJECT: IceCube-210516A: Upper limits from a search for additional neutrino events in IceCube', 'SUBJECT: IceCube-210516A: No significant detection in HAWC', 'SUBJECT: Fermi-LAT Gamma-ray Observations of IceCube-210516A', 'SUBJECT: IceCube-210516A: No counterpart candidates in INTEGRAL SPI-ACS and IBIS prompt observation']"
IC210519A,['SUBJECT: IceCube Alert 210519.86: Global MASTER-Net observations report ']
IC210608A,"['SUBJECT: IceCube Alert 210608.15: Global MASTER-Net observations report ', 'SUBJECT: IceCube-210608A: IceCube observation of a high-energy neutrino candidate track-like event', 'SUBJECT: IceCube-210608A: not observable by Fermi-GBM', 'SUBJECT: Fermi-LAT Gamma-ray Observations of IceCube-210608A']"
IC210629A,"['SUBJECT: IceCube-210629A - IceCube observation of a high-energy neutrino candidate track-like event', 'SUBJECT: IceCube Alert 210629.76: Global MASTER-Net observations report ', 'SUBJECT: IceCube-210629A: Upper limits from Fermi-GBM Observations', 'SUBJECT: Fermi-LAT Gamma-ray Observations of IceCube-210629A', 'SUBJECT: IceCube-210629A: No counterpart candidates in INTEGRAL SPI-ACS and IBIS prompt observation', 'SUBJECT: IceCube-210629A: One Candidate Counterpart from the Zwicky Transient Facility', 'SUBJECT: IceCube-210629A: Upper limits from a search for additional neutrino events in IceCube', 'SUBJECT: IceCube-210629A - Spectroscopic observation of AT2021osi']"
IC210717A,"['SUBJECT: IceCube-210717A: IceCube observation of a high-energy neutrino candidate track-like event', 'SUBJECT: IceCube-210717A: No counterpart candidates in INTEGRAL SPI-ACS and IBIS prompt observation', 'SUBJECT: Fermi-LAT Gamma-ray Observations of IceCube-210717A']"
IC210730A,"['SUBJECT: IceCube-210730A - IceCube observation of a high-energy neutrino candidate track-like event', 'SUBJECT: Fermi-LAT Gamma-ray Observations of IceCube-210730A ', 'SUBJECT: IceCube-210730A: No counterpart candidates in INTEGRAL SPI-ACS and IBIS prompt observation', 'SUBJECT: IceCube-210730A: not observable by Fermi-GBM']"
IC210811A,"['SUBJECT: IceCube Alert 210811.09: Global MASTER-Net observations report ', 'SUBJECT: IceCube-210811A - IceCube observation of a high-energy neutrino candidate track-like event', 'SUBJECT: Fermi-LAT Gamma-ray Observations of IceCube-210811A', 'SUBJECT: IceCube-210811A: No Candidate Counterparts from the Zwicky Transient Facility', 'SUBJECT: IceCube-210811A: Upper limits from Fermi-GBM Observations', 'SUBJECT: IceCube-210811A: Upper limits from a search for additional neutrino events in IceCube']"
